c_ls,c_lq,lam_gamma,ls_prior,ls_post,ls_gain,lq_prior,lq_post,lq_gain,mse_ls,mse_lq,bias_ls,bias_lq,nll,n_ls,n_lq
0.9,0.55,10.0,0.8288590258469776,0.8430105035526722,0.014151477705694582,0.7594953117069397,0.7900247793517444,0.030529467644804686,0.11856267578684511,0.18214120926474878,-0.06754946287889285,-0.05923194315572716,6344.4932371062705,125,229
0.9,0.6,10.0,0.8288590258469776,0.8474899598393575,0.018630933992379917,0.7689076859996281,0.7890077469016619,0.020100060902033756,0.11877636392371196,0.17721037004960197,-0.06795980179971362,-0.014994924144786481,6346.330733096439,125,229
0.9,0.625,10.0,0.8288590258469776,0.8474899598393575,0.018630933992379917,0.7698135260276527,0.7900389737393403,0.02022544771168755,0.11885934335932687,0.17653455419863703,-0.06813079505635433,0.006416565790438367,6347.174192123079,125,229
0.9,0.65,10.0,0.8288590258469776,0.8474899598393575,0.018630933992379917,0.7694697837484266,0.8000108630891098,0.030541079340683286,0.11892657366108136,0.1769168084651085,-0.06828071358889465,0.02727193789888438,6347.971665350033,125,229
0.9,0.7,10.0,0.8288590258469776,0.8430105035526722,0.014151477705694582,0.7708376556715333,0.7940839301553293,0.023246274483796014,0.11901768316852018,0.18045194118134836,-0.06852647411024759,0.06717199720733025,6349.442605003582,125,229
0.95,0.55,10.0,0.8354803830707447,0.8550200803212852,0.0195396972505405,0.7594953117069397,0.7903685216309706,0.030873209924030864,0.10637697241612333,0.18221099662107199,-0.027168051758798883,-0.0596436971965425,6352.32291102646,125,229
0.95,0.6,10.0,0.8354803830707447,0.8505406240346,0.015060240963855276,0.7689076859996281,0.7917943613725433,0.02288667537291522,0.10653052688826796,0.17715022651751097,-0.02749960393947226,-0.015334576432723623,6354.296002155971,125,229
0.95,0.625,10.0,0.8354803830707447,0.8505406240346,0.015060240963855276,0.7698135260276527,0.7899064897358886,0.020092963708235878,0.1065928004260898,0.17643619368730556,-0.027638805875339734,0.006107818548759247,6355.19115077907,125,229
0.95,0.65,10.0,0.8354803830707447,0.8505406240346,0.015060240963855276,0.7694697837484266,0.797005893148656,0.027536109400229436,0.10664506264676497,0.17679293930601592,-0.02776143192433178,0.026989819937354387,6356.029873550398,125,229
