실험,브랜치,결과,prior_mode,lam_gamma,b_bound,b_min,b_max,run_tag,mse_ls,mse_lq,auc_ls,auc_lq,auc_prior_ls,auc_prior_lq,auc_zprior_ls,auc_zprior_lq,auc_zprior_ls_wavg,auc_zprior_lq_wavg,gain_ls,gain_lq,gain_ls_wavg,gain_lq_wavg,auc_ls_wavg,auc_lq_wavg,auc_prior_ls_wavg,auc_prior_lq_wavg,auc_ls_niigata2004,auc_prior_ls_niigata2004,n_ls,n_lq,n,a_LS,b_LS,a_LQ,b_LQ,gamma_ls_max,gamma_lq_max,sum_gamma2,frac_middle,c_LS,c_LQ
1 3번 b4,followup3-avg-b4,followup3-avg-b4,bounded,10.0,,-2.0,4.0,bounded_lam10_b4,0.2793319734473521,0.2280262782090792,0.7204761904761905,0.7863149847094802,0.7485714285714286,0.7485474006116207,0.7485714285714286,0.7485474006116207,0.7968643805993205,0.715445570663787,-0.028095238095238,0.0377675840978595,-0.062053341571414,0.0349301747919258,0.7348110390279065,0.7503757454557128,0.7968643805993205,0.715445570663787,0.625,0.875,125,229,278,0.7274190934799594,3.9540711698038074,0.5044058479070177,1.0587060034026514,0.9690246036259024,0.5559406013701573,4.639097608375948,0.6411483253588517,,
1 3번 b4,followup3-avg-b4,followup3-avg-b4,[베이스라인] 전부 0.5,,,,,,0.25,0.25,,,,,,,,,,,,,,,,,,,125,229,278,,,,,,,,,,
1 3번 b4,followup3-avg-b4,followup3-avg-b4,[베이스라인] 전부 기저확률,,,,,,0.1344,0.2494231612669476,,,,,,,,,,,,,,,,,,,125,229,278,,,,,,,,,,
2 3번 b10,followup3-avg-b10,followup3-avg-b10,bounded,10.0,,-2.0,10.0,bounded_lam10_b10,0.2510062807398157,0.2427722398723853,0.740952380952381,0.7896788990825688,0.7485714285714286,0.7485474006116207,0.7485714285714286,0.7485474006116207,0.7968643805993205,0.715445570663787,-0.0076190476190475,0.0411314984709481,-0.0333719493358048,0.0508526301748217,0.7634924312635156,0.7662982008386088,0.7968643805993205,0.715445570663787,0.6875,0.875,125,229,278,1.568403632675413,9.522993449631365,0.5036324030079448,0.9051038253663326,0.9147098992157852,0.685738901101657,4.8524938142723,0.5119617224880383,,
2 3번 b10,followup3-avg-b10,followup3-avg-b10,[베이스라인] 전부 0.5,,,,,,0.25,0.25,,,,,,,,,,,,,,,,,,,125,229,278,,,,,,,,,,
2 3번 b10,followup3-avg-b10,followup3-avg-b10,[베이스라인] 전부 기저확률,,,,,,0.1344,0.2494231612669476,,,,,,,,,,,,,,,,,,,125,229,278,,,,,,,,,,
3 6번 b10,followup3-lqmax-b10,followup3-lqmax-b10,bounded,10.0,,-2.0,10.0,bounded_lam10_b10,0.2524140657985036,0.2408705471471037,0.7371428571428571,0.8038990825688074,0.7485714285714286,0.8633792048929664,0.7485714285714286,0.8633792048929664,0.7968643805993205,0.8372328435881067,-0.0114285714285714,-0.059480122324159,-0.0462851405622491,-0.0619203956163426,0.7505792400370713,0.775312447971764,0.7968643805993205,0.8372328435881067,0.6875,0.875,125,229,278,1.582856784429489,9.588503781595774,0.5054128561243995,-0.3364140951384531,0.8882736762121091,0.938610622506176,5.705213786116216,0.534688995215311,,
3 6번 b10,followup3-lqmax-b10,followup3-lqmax-b10,[베이스라인] 전부 0.5,,,,,,0.25,0.25,,,,,,,,,,,,,,,,,,,125,229,278,,,,,,,,,,
3 6번 b10,followup3-lqmax-b10,followup3-lqmax-b10,[베이스라인] 전부 기저확률,,,,,,0.1344,0.2494231612669476,,,,,,,,,,,,,,,,,,,125,229,278,,,,,,,,,,
4 3번 b10 자연혼재,followup3-avg-b10,followup3-avg-b10-natmix,bounded,10.0,,-2.0,10.0,bounded_lam10_b10-natmix,0.1404156863563215,0.2427722398723853,0.8681494458620559,0.7896788990825688,0.8910766652702136,0.7485474006116207,0.8910766652702136,0.7485474006116207,0.8882617351397255,0.715445570663787,-0.0229272194081576,0.0411314984709481,-0.0408870852292452,0.0508526301748217,0.8473746499104803,0.7662982008386088,0.8882617351397255,0.715445570663787,0.9567307692307692,0.96875,418,229,418,1.568403632675413,9.522993449631365,0.5036324030079448,0.9051038253663326,0.9147098992157852,0.685738901101657,4.8524938142723,0.5119617224880383,,
4 3번 b10 자연혼재,followup3-avg-b10,followup3-avg-b10-natmix,[베이스라인] 전부 0.5,,,,,,0.25,0.25,,,,,,,,,,,,,,,,,,,418,229,418,,,,,,,,,,
4 3번 b10 자연혼재,followup3-avg-b10,followup3-avg-b10-natmix,[베이스라인] 전부 기저확률,,,,,,0.1502770083102493,0.2494231612669476,,,,,,,,,,,,,,,,,,,418,229,418,,,,,,,,,,
5 6번 b10 자연혼재,followup3-lqmax-b10,followup3-lqmax-b10-natmix,bounded,10.0,,-2.0,10.0,bounded_lam10_b10-natmix,0.1371212718010325,0.2408705471471037,0.8710439120996305,0.8038990825688074,0.8910766652702136,0.8633792048929664,0.8910766652702136,0.8633792048929664,0.8882617351397255,0.8372328435881067,-0.020032753170583,-0.059480122324159,-0.0401160237108358,-0.0619203956163426,0.8481457114288896,0.775312447971764,0.8882617351397255,0.8372328435881067,0.9639423076923076,0.96875,418,229,418,1.582856784429489,9.588503781595774,0.5054128561243995,-0.3364140951384531,0.8882736762121091,0.938610622506176,5.705213786116216,0.534688995215311,,
5 6번 b10 자연혼재,followup3-lqmax-b10,followup3-lqmax-b10-natmix,[베이스라인] 전부 0.5,,,,,,0.25,0.25,,,,,,,,,,,,,,,,,,,418,229,418,,,,,,,,,,
5 6번 b10 자연혼재,followup3-lqmax-b10,followup3-lqmax-b10-natmix,[베이스라인] 전부 기저확률,,,,,,0.1502770083102493,0.2494231612669476,,,,,,,,,,,,,,,,,,,418,229,418,,,,,,,,,,
A fixed,followup3-area-avg-fixed,followup3-area-avg-fixed,area-fixed,0.0,,,,,0.1705692716812826,0.249728282715984,0.7066666666666667,0.8271406727828746,0.7485714285714286,0.7485474006116207,0.8409523809523809,0.818348623853211,0.8399598393574298,0.7698132442003763,-0.1342857142857142,0.0087920489296635,-0.1618885799608692,0.0021240918223133,0.6780712593965605,0.7719373360226897,0.7968643805993205,0.715445570663787,0.5,0.875,125,229,278,1.0,0.0,1.0,0.0,3.395219157923355,0.6598221996726036,46.78957615530334,0.3995215311004784,1.0,1.0
A fixed,followup3-area-avg-fixed,followup3-area-avg-fixed,area-fixed,0.1,,,,,0.1696853915289141,0.2499133068117298,0.7073809523809524,0.8276758409785933,0.7485714285714286,0.7485474006116207,0.8409523809523809,0.818348623853211,0.8399598393574298,0.7698132442003763,-0.1335714285714284,0.0093272171253822,-0.1529296673874988,0.0094785269417254,0.687030171969931,0.7792917711421018,0.7968643805993205,0.715445570663787,0.5,0.875,125,229,278,1.0,0.0,1.0,0.0,3.185857727384252,0.630532686271375,43.38851001901656,0.3983253588516746,1.0,1.0
A fixed,followup3-area-avg-fixed,followup3-area-avg-fixed,area-fixed,1.0,,,,,0.1607630717236185,0.2499381039824204,0.7157142857142856,0.8270642201834862,0.7485714285714286,0.7485474006116207,0.8409523809523809,0.818348623853211,0.8399598393574298,0.7698132442003763,-0.1252380952380952,0.0087155963302751,-0.1506590464421791,0.0247144940878956,0.6893007929152507,0.794527738288272,0.7968643805993205,0.715445570663787,0.5,0.875,125,229,278,1.0,0.0,1.0,0.0,2.5267142012025867,0.4946122325840444,26.738851209181217,0.4114832535885167,1.0,1.0
A fixed,followup3-area-avg-fixed,followup3-area-avg-fixed,area-fixed,10.0,,,,,0.0998487663732678,0.2497435455511018,0.8395238095238096,0.8225535168195719,0.7485714285714286,0.7485474006116207,0.8409523809523809,0.818348623853211,0.8399598393574298,0.7698132442003763,-0.0014285714285713,0.0042048929663608,0.0150602409638553,0.0113506178207936,0.8550200803212852,0.7811638620211699,0.7968643805993205,0.715445570663787,1.0,0.875,125,229,278,1.0,0.0,1.0,0.0,0.5830661044996729,0.2113144258216497,1.2168596040413495,0.4808612440191387,1.0,1.0
A fixed,followup3-area-avg-fixed,followup3-area-avg-fixed,[베이스라인] 전부 0.5,,,,,,0.25,0.25,,,,,,,,,,,,,,,,,,,125,229,278,,,,,,,,,,
A fixed,followup3-area-avg-fixed,followup3-area-avg-fixed,[베이스라인] 전부 기저확률,,,,,,0.1344,0.2494231612669476,,,,,,,,,,,,,,,,,,,125,229,278,,,,,,,,,,
B tied,followup3-area-avg-tied,followup3-area-avg-tied,area-tied,0.0,,,,,0.3852288488576594,0.2791780575323552,0.6180952380952381,0.6769113149847096,0.7485714285714286,0.7485474006116207,0.8409523809523809,0.818348623853211,0.8399598393574298,0.7698132442003763,-0.2228571428571427,-0.1414373088685014,-0.2899122129543817,-0.1109746861373317,0.550047626403048,0.6588385580630446,0.7968643805993205,0.715445570663787,0.34375,0.875,125,229,278,0.5581787799795194,2.385358766854221,0.501338922875385,1.2650235070614286,5.477676914552545,2.870658080717784,108.40800487080764,0.1818181818181818,0.5581787799795194,0.501338922875385
B tied,followup3-area-avg-tied,followup3-area-avg-tied,area-tied,0.1,,,,,0.3785799611455602,0.274523587019388,0.6214285714285714,0.6912079510703365,0.7485714285714286,0.7485474006116207,0.8409523809523809,0.818348623853211,0.8399598393574298,0.7698132442003763,-0.2195238095238094,-0.1271406727828745,-0.2809533003810113,-0.098936583758086,0.5590065389764185,0.6708766604422903,0.7968643805993205,0.715445570663787,0.34375,0.875,125,229,278,0.5609940429696043,2.433241323203553,0.5013803456353946,1.2331816750098028,5.240783373362826,2.6571495214231144,97.5223238509577,0.1973684210526315,0.5609940429696043,0.5013803456353946
B tied,followup3-area-avg-tied,followup3-area-avg-tied,area-tied,1.0,,,,,0.3258078493664762,0.2279806221270202,0.6338095238095238,0.7750764525993884,0.7485714285714286,0.7485474006116207,0.8409523809523809,0.818348623853211,0.8399598393574298,0.7698132442003763,-0.207142857142857,-0.0432721712538226,-0.2585624549479971,-0.0399101028943569,0.5813973844094327,0.7299031413060194,0.7968643805993205,0.715445570663787,0.3125,0.875,125,229,278,0.5371055672727716,2.616578677155968,0.5013949075091612,1.3974696612448554,3.657530857164429,1.8392675410587516,48.74589572942454,0.3014354066985646,0.5371055672727716,0.5013949075091612
B tied,followup3-area-avg-tied,followup3-area-avg-tied,area-tied,10.0,,,,,0.2147855366271819,0.2529894925057961,0.8276190476190477,0.8301223241590213,0.7485714285714286,0.7485474006116207,0.8409523809523809,0.818348623853211,0.8399598393574298,0.7698132442003763,-0.0133333333333331,0.0117737003058102,-0.0195345484502112,0.0172880931617245,0.8204252909072185,0.7871013373621009,0.7968643805993205,0.715445570663787,0.875,0.875,125,229,278,0.8890630358122407,4.913802665460381,0.5042456068699199,0.8037535238086804,0.7188832407900256,0.8965000186042245,4.610856405076238,0.534688995215311,0.8890630358122407,0.5042456068699199
B tied,followup3-area-avg-tied,followup3-area-avg-tied,[베이스라인] 전부 0.5,,,,,,0.25,0.25,,,,,,,,,,,,,,,,,,,125,229,278,,,,,,,,,,
B tied,followup3-area-avg-tied,followup3-area-avg-tied,[베이스라인] 전부 기저확률,,,,,,0.1344,0.2494231612669476,,,,,,,,,,,,,,,,,,,125,229,278,,,,,,,,,,
C bounded,followup3-area-avg-bounded,followup3-area-avg-bounded,area-bounded,0.0,,,,,0.3549277394078666,0.2730707760960348,0.6585714285714286,0.6925840978593273,0.7485714285714286,0.7485474006116207,0.8347619047619048,0.8081804281345566,0.8221089486149726,0.7692515559956365,-0.1761904761904762,-0.1155963302752293,-0.2254633920296569,-0.122431060812795,0.5966455565853157,0.6468204951828415,0.7968643805993205,0.715445570663787,0.375,0.875,125,229,278,1.384324650383823,7.356739411876024,0.5022309853493312,1.0545653955516023,5.465531627638769,2.9268825684542605,105.28327579494176,0.1770334928229665,1.0,1.0
C bounded,followup3-area-avg-bounded,followup3-area-avg-bounded,area-bounded,0.1,,,,,0.3496457174722884,0.2691245691608137,0.6599999999999999,0.7047400611620795,0.7485714285714286,0.7485474006116207,0.8342857142857143,0.8081804281345566,0.8221089486149726,0.7692515559956365,-0.1742857142857143,-0.103440366972477,-0.2143625785192049,-0.1149335669692901,0.6077463700957677,0.6543179890263464,0.7968643805993205,0.715445570663787,0.375,0.875,125,229,278,1.3923128416320272,7.437061130244473,0.5023869941018121,1.0251930693213716,5.231535705463177,2.734087353171044,95.45882749084934,0.1782296650717703,1.0,1.0
C bounded,followup3-area-avg-bounded,followup3-area-avg-bounded,area-bounded,1.0,,,,,0.3144841240441869,0.2731695580201327,0.6847619047619047,0.7634556574923547,0.7485714285714286,0.7485474006116207,0.8338095238095238,0.808256880733945,0.8221089486149726,0.7692515559956365,-0.1490476190476191,-0.0448012232415903,-0.1943363196375243,-0.0645605404256269,0.6277726289774483,0.7046910155700096,0.7968643805993205,0.715445570663787,0.375,0.875,125,229,278,1.4329246326627734,7.949131988480765,0.5029143871285202,0.769935276323146,3.6434006055798656,1.7876477370286303,46.059144743179104,0.2440191387559808,1.0,1.0
C bounded,followup3-area-avg-bounded,followup3-area-avg-bounded,area-bounded,10.0,,,,,0.256347104280172,0.2506867966278058,0.7947619047619048,0.8159785932721714,0.7485714285714286,0.7485474006116207,0.8185714285714286,0.8087920489296636,0.8162676346411286,0.7708815568191858,-0.0238095238095238,0.0071865443425077,-0.0131809288435794,0.0103694616853596,0.8030867057975491,0.7812510185045455,0.7968643805993205,0.715445570663787,0.9375,0.875,125,229,278,1.9766451434571248,11.063044786600129,0.5076031407489251,0.8302828512779357,0.647290664057482,0.9275298251803364,4.564395536850105,0.3839712918660287,1.0,1.0
C bounded,followup3-area-avg-bounded,followup3-area-avg-bounded,[베이스라인] 전부 0.5,,,,,,0.25,0.25,,,,,,,,,,,,,,,,,,,125,229,278,,,,,,,,,,
C bounded,followup3-area-avg-bounded,followup3-area-avg-bounded,[베이스라인] 전부 기저확률,,,,,,0.1344,0.2494231612669476,,,,,,,,,,,,,,,,,,,125,229,278,,,,,,,,,,
D free,followup3-area-avg-free,followup3-area-avg-free,area-free,0.0,,,,,0.3520225669353434,0.2619270129095942,0.594047619047619,0.7175840978593272,0.7485714285714286,0.7485474006116207,0.749047619047619,0.8127675840978594,0.7968643805993205,0.7719547539753323,-0.1549999999999999,-0.0951834862385322,-0.24616671815467,-0.0705833844112158,0.5506976624446505,0.7013713695641165,0.7968643805993205,0.715445570663787,0.25,0.875,125,229,278,1.2031207742931278,6.722521368909327,0.5013670049300787,1.2473936569440482,5.2857399235820495,2.626938933709033,96.6252504020928,0.1782296650717703,0.0026532965668112,0.3801218494154196
D free,followup3-area-avg-free,followup3-area-avg-free,area-free,0.1,,,,,0.3528718146624727,0.2618869157942946,0.6052380952380952,0.727599388379205,0.7485714285714286,0.7485474006116207,0.749047619047619,0.8048165137614679,0.7968643805993205,0.7683455882508295,-0.1438095238095237,-0.0772171253822628,-0.2374008855936568,-0.0655810258076691,0.5594634950056637,0.7027645624431604,0.7968643805993205,0.715445570663787,0.25,0.875,125,229,278,1.2279470015837748,6.894626725447463,0.501414039435882,1.2125986651828988,5.014830965140207,2.5462202766545667,86.44395798751776,0.1830143540669856,0.0026497263096186,0.2961121911278501
D free,followup3-area-avg-free,followup3-area-avg-free,area-free,1.0,,,,,0.3396646667846773,0.2285893294726295,0.6223809523809524,0.7754587155963303,0.7485714285714286,0.7485474006116207,0.749047619047619,0.8180428134556575,0.7968643805993205,0.766246176511124,-0.1266666666666666,-0.0425840978593272,-0.2162702090412935,-0.0411388787477513,0.580594171558027,0.7251072977633727,0.7968643805993205,0.715445570663787,0.25,0.875,125,229,278,1.1785111735490037,6.708199021541613,0.5015308638769153,1.3973147715311072,3.807442137152418,1.925048007509596,51.67322527541185,0.25,0.002538667574779,0.5053742517008675
D free,followup3-area-avg-free,followup3-area-avg-free,area-free,10.0,,,,,0.25265216745466,0.2411452087850049,0.7366666666666667,0.8267584097859327,0.7485714285714286,0.7485474006116207,0.749047619047619,0.8191131498470948,0.7968643805993205,0.7784457535241298,-0.0123809523809522,0.0076452599388379,-0.0258418288538772,0.0029499615536836,0.7710225517454433,0.7813957150778135,0.7968643805993205,0.715445570663787,0.75,0.875,125,229,278,1.8616153745419104,11.492543883093449,0.5038246365008456,0.9129131690871476,0.8885072380594888,0.911062891652634,5.445911483139913,0.4389952153110047,0.0062676832952768,0.7820254320263271
D free,followup3-area-avg-free,followup3-area-avg-free,[베이스라인] 전부 0.5,,,,,,0.25,0.25,,,,,,,,,,,,,,,,,,,125,229,278,,,,,,,,,,
D free,followup3-area-avg-free,followup3-area-avg-free,[베이스라인] 전부 기저확률,,,,,,0.1344,0.2494231612669476,,,,,,,,,,,,,,,,,,,125,229,278,,,,,,,,,,
E c 작게,followup3-area-avg-a1-c05,followup3-area-avg-a1-c05,area-a1-c05,0.0,,,,,0.4085929886555523,0.2081440210713392,0.7828571428571427,0.8573394495412845,0.7485714285714286,0.7485474006116207,0.819047619047619,0.7978593272171254,0.8162676346411286,0.7570032442862361,-0.0361904761904763,0.0594801223241591,-0.0135336216661517,0.0277922593891335,0.8027340129749768,0.7847955036753697,0.7968643805993205,0.715445570663787,1.0,0.875,125,229,278,1.0,0.0,1.0,0.0,3.287162035389197,4.849430993873585,83.48180358048626,0.1255980861244019,0.5,0.5
E c 작게,followup3-area-avg-a1-c05,followup3-area-avg-a1-c05,area-a1-c05,0.1,,,,,0.4097368324213401,0.2085055259384154,0.7866666666666666,0.856422018348624,0.7485714285714286,0.7485474006116207,0.819047619047619,0.7978593272171254,0.8162676346411286,0.7570032442862361,-0.0323809523809524,0.0585626911314985,-0.0005483472350941,0.0268102277805035,0.8157192874060345,0.7838134720667397,0.7968643805993205,0.715445570663787,1.0,0.875,125,229,278,1.0,0.0,1.0,0.0,3.1798847038128844,4.651897326785646,78.36602906182944,0.1267942583732057,0.5,0.5
E c 작게,followup3-area-avg-a1-c05,followup3-area-avg-a1-c05,area-a1-c05,1.0,,,,,0.4055063705491226,0.2130488579150639,0.7938095238095239,0.8484709480122324,0.7485714285714286,0.7485474006116207,0.819047619047619,0.7978593272171254,0.8162676346411286,0.7570032442862361,-0.0252380952380951,0.050611620795107,0.0054139635464935,0.0283167736047623,0.8216815981876222,0.7853200178909985,0.7968643805993205,0.715445570663787,1.0,0.875,125,229,278,1.0,0.0,1.0,0.0,2.362650329290537,3.810620843908075,52.22429598109516,0.1351674641148325,0.5,0.5
E c 작게,followup3-area-avg-a1-c05,followup3-area-avg-a1-c05,area-a1-c05,10.0,,,,,0.4191938525760641,0.1932071299132106,0.7857142857142857,0.8129969418960244,0.7485714285714286,0.7485474006116207,0.819047619047619,0.7978593272171254,0.8162676346411286,0.7570032442862361,-0.0333333333333333,0.015137614678899,-0.0247991967871484,0.0343544061471624,0.7914684378539801,0.7913576504333986,0.7968643805993205,0.715445570663787,0.75,0.875,125,229,278,1.0,0.0,1.0,0.0,0.8506263058632242,0.4796136139441262,3.434976818319204,0.4102870813397129,0.5,0.5
E c 작게,followup3-area-avg-a1-c05,followup3-area-avg-a1-c05,[베이스라인] 전부 0.5,,,,,,0.25,0.25,,,,,,,,,,,,,,,,,,,125,229,278,,,,,,,,,,
E c 작게,followup3-area-avg-a1-c05,followup3-area-avg-a1-c05,[베이스라인] 전부 기저확률,,,,,,0.1344,0.2494231612669476,,,,,,,,,,,,,,,,,,,125,229,278,,,,,,,,,,
F c 크게,followup3-area-avg-a1-c2,followup3-area-avg-a1-c2,area-a1-c2,0.0,,,,,0.1444072671758921,0.4896129012970135,0.8304761904761905,0.8087155963302752,0.7485714285714286,0.7485474006116207,0.8295238095238096,0.8079510703363915,0.8679358459478941,0.7686894582468381,0.0009523809523809,0.0007645259938837,-0.0021419009370815,-0.0005620977487985,0.8657939450108125,0.7681273604980395,0.7968643805993205,0.715445570663787,0.9375,0.875,125,229,278,1.0,0.0,1.0,0.0,0.0843397014941862,0.018311573917938,0.012563911922696,0.0406698564593301,2.0,2.0
F c 크게,followup3-area-avg-a1-c2,followup3-area-avg-a1-c2,area-a1-c2,0.1,,,,,0.1444050016653666,0.4896129454326666,0.8304761904761905,0.8087155963302752,0.7485714285714286,0.7485474006116207,0.8295238095238096,0.8079510703363915,0.8679358459478941,0.7686894582468381,0.0009523809523809,0.0007645259938837,-0.0021419009370815,-0.0005620977487985,0.8657939450108125,0.7681273604980395,0.7968643805993205,0.715445570663787,0.9375,0.875,125,229,278,1.0,0.0,1.0,0.0,0.0836216047429303,0.0182925816749429,0.012393790153605,0.0406698564593301,2.0,2.0
F c 크게,followup3-area-avg-a1-c2,followup3-area-avg-a1-c2,area-a1-c2,1.0,,,,,0.1443867204333553,0.4896133365160381,0.8300000000000001,0.8087155963302752,0.7485714285714286,0.7485474006116207,0.8295238095238096,0.8079510703363915,0.8679358459478941,0.7686894582468381,0.0004761904761905,0.0007645259938837,-0.0021419009370815,-0.0005620977487985,0.8657939450108125,0.7681273604980395,0.7968643805993205,0.715445570663787,0.9375,0.875,125,229,278,1.0,0.0,1.0,0.0,0.0777733749311541,0.0181230598590845,0.0110516551349702,0.0406698564593301,2.0,2.0
F c 크게,followup3-area-avg-a1-c2,followup3-area-avg-a1-c2,area-a1-c2,10.0,,,,,0.1442996419327227,0.4896167745585785,0.829047619047619,0.8087155963302752,0.7485714285714286,0.7485474006116207,0.8295238095238096,0.8079510703363915,0.8679358459478941,0.7686894582468381,-0.0004761904761905,0.0007645259938837,-0.0021419009370815,-0.0005620977487985,0.8657939450108125,0.7681273604980395,0.7968643805993205,0.715445570663787,0.9375,0.875,125,229,278,1.0,0.0,1.0,0.0,0.048491056297556,0.016605978491103,0.0055036250773693,0.0418660287081339,2.0,2.0
F c 크게,followup3-area-avg-a1-c2,followup3-area-avg-a1-c2,[베이스라인] 전부 0.5,,,,,,0.25,0.25,,,,,,,,,,,,,,,,,,,125,229,278,,,,,,,,,,
F c 크게,followup3-area-avg-a1-c2,followup3-area-avg-a1-c2,[베이스라인] 전부 기저확률,,,,,,0.1344,0.2494231612669476,,,,,,,,,,,,,,,,,,,125,229,278,,,,,,,,,,
G LQ c=0.5,followup3-area-avg-lq-c05,followup3-area-avg-lq-c05,area-lq-c05,0.0,,,,,0.1594249402694273,0.2300322532483867,0.7352380952380951,0.82217125382263,0.7485714285714286,0.7485474006116207,0.8409523809523809,0.7978593272171254,0.8399598393574298,0.7570032442862361,-0.1057142857142857,0.0243119266055046,-0.0606168262794769,0.0466815352353436,0.7793430130779528,0.8036847795215798,0.7968643805993205,0.715445570663787,1.0,0.875,125,229,278,1.0,0.0,1.0,0.0,2.8502592383511605,4.624462997042715,74.95421131429845,0.2834928229665072,1.0,0.5
G LQ c=0.5,followup3-area-avg-lq-c05,followup3-area-avg-lq-c05,area-lq-c05,0.1,,,,,0.1594489143682559,0.2304406582024139,0.7366666666666667,0.8220183486238533,0.7485714285714286,0.7485474006116207,0.8409523809523809,0.7978593272171254,0.8399598393574298,0.7570032442862361,-0.1042857142857142,0.0241590214067278,-0.0606168262794769,0.0434795014067113,0.7793430130779528,0.8004827456929474,0.7968643805993205,0.715445570663787,1.0,0.875,125,229,278,1.0,0.0,1.0,0.0,2.806413409585893,4.409118601268722,69.83747446509544,0.2858851674641148,1.0,0.5
G LQ c=0.5,followup3-area-avg-lq-c05,followup3-area-avg-lq-c05,area-lq-c05,1.0,,,,,0.1503279530895228,0.2300367097450482,0.7571428571428571,0.821559633027523,0.7485714285714286,0.7485474006116207,0.8409523809523809,0.7978593272171254,0.8399598393574298,0.7570032442862361,-0.0838095238095237,0.0237003058103976,-0.0443826588404902,0.0334501418269845,0.7955771805169396,0.7904533861132207,0.7968643805993205,0.715445570663787,1.0,0.875,125,229,278,1.0,0.0,1.0,0.0,2.308032993285294,3.4770701967930004,45.68823559888787,0.3086124401913875,1.0,0.5
G LQ c=0.5,followup3-area-avg-lq-c05,followup3-area-avg-lq-c05,area-lq-c05,10.0,,,,,0.0994073025277471,0.1929188856756437,0.8433333333333333,0.8171253822629969,0.7485714285714286,0.7485474006116207,0.8409523809523809,0.7978593272171254,0.8399598393574298,0.7570032442862361,0.0023809523809523,0.0192660550458715,0.0150602409638553,0.0334977613481861,0.8550200803212852,0.7905010056344223,0.7968643805993205,0.715445570663787,1.0,0.875,125,229,278,1.0,0.0,1.0,0.0,0.5831184438818396,0.5869509309563039,1.9559830654925705,0.5478468899521531,1.0,0.5
G LQ c=0.5,followup3-area-avg-lq-c05,followup3-area-avg-lq-c05,[베이스라인] 전부 0.5,,,,,,0.25,0.25,,,,,,,,,,,,,,,,,,,125,229,278,,,,,,,,,,
G LQ c=0.5,followup3-area-avg-lq-c05,followup3-area-avg-lq-c05,[베이스라인] 전부 기저확률,,,,,,0.1344,0.2494231612669476,,,,,,,,,,,,,,,,,,,125,229,278,,,,,,,,,,
H LQ c=0.75,followup3-area-avg-lq-c075,followup3-area-avg-lq-c075,area-lq-c075,0.0,,,,,0.1679268080916856,0.2126159390333789,0.6942857142857143,0.8321865443425077,0.7485714285714286,0.7485474006116207,0.8409523809523809,0.8126146788990826,0.8399598393574298,0.7725097545303329,-0.1466666666666666,0.0195718654434251,-0.1680516939553085,0.033360200823399,0.6719081454021213,0.805869955353732,0.7968643805993205,0.715445570663787,0.5,0.875,125,229,278,1.0,0.0,1.0,0.0,3.202664902617704,4.024738379477804,75.75394993988797,0.3576555023923445,1.0,0.75
H LQ c=0.75,followup3-area-avg-lq-c075,followup3-area-avg-lq-c075,area-lq-c075,0.1,,,,,0.1674746857877891,0.2108004100699477,0.6942857142857144,0.8333333333333334,0.7485714285714286,0.7485474006116207,0.8409523809523809,0.8126146788990826,0.8399598393574298,0.7725097545303329,-0.1466666666666665,0.0207186544342508,-0.1659097930182268,0.0365764290396273,0.674050046339203,0.8090861835699602,0.7968643805993205,0.715445570663787,0.5,0.875,125,229,278,1.0,0.0,1.0,0.0,3.0074136323823266,3.775044423779686,69.57721102211619,0.3720095693779904,1.0,0.75
H LQ c=0.75,followup3-area-avg-lq-c075,followup3-area-avg-lq-c075,area-lq-c075,1.0,,,,,0.163106486215895,0.1962058096629644,0.7102380952380952,0.8394495412844037,0.7485714285714286,0.7485474006116207,0.8409523809523809,0.8126146788990826,0.8399598393574298,0.7725097545303329,-0.1307142857142856,0.0268348623853211,-0.147991967871486,0.0176603996509235,0.6919678714859437,0.7901701541812565,0.7968643805993205,0.715445570663787,0.5,0.875,125,229,278,1.0,0.0,1.0,0.0,2.511006194222736,2.44365979373873,39.97010730745593,0.4258373205741627,1.0,0.75
H LQ c=0.75,followup3-area-avg-lq-c075,followup3-area-avg-lq-c075,area-lq-c075,10.0,,,,,0.0997649079420881,0.1867685792322648,0.839047619047619,0.8240061162079511,0.7485714285714286,0.7485474006116207,0.8409523809523809,0.8126146788990826,0.8399598393574298,0.7725097545303329,-0.0019047619047618,0.0113914373088684,0.0107095046854084,0.022949144741901,0.8506693440428382,0.7954588992722339,0.7968643805993205,0.715445570663787,1.0,0.875,125,229,278,1.0,0.0,1.0,0.0,0.586044822859749,0.3583277544417678,1.3934708385851589,0.5526315789473685,1.0,0.75
H LQ c=0.75,followup3-area-avg-lq-c075,followup3-area-avg-lq-c075,[베이스라인] 전부 0.5,,,,,,0.25,0.25,,,,,,,,,,,,,,,,,,,125,229,278,,,,,,,,,,
H LQ c=0.75,followup3-area-avg-lq-c075,followup3-area-avg-lq-c075,[베이스라인] 전부 기저확률,,,,,,0.1344,0.2494231612669476,,,,,,,,,,,,,,,,,,,125,229,278,,,,,,,,,,
I LQ c 학습,followup3-area-avg-lq-c-free,followup3-area-avg-lq-c-free,area-lq-c-free,0.0,,,,,0.1518798513264774,0.248127846402641,0.7557142857142857,0.8132262996941896,0.7485714285714286,0.7485474006116207,0.8409523809523809,0.791743119266055,0.8399598393574298,0.7543786928620807,-0.0852380952380952,0.0214831804281345,-0.0627587272165586,0.0386469816269926,0.7772011121408712,0.7930256744890734,0.7968643805993205,0.715445570663787,1.0,0.875,125,229,278,1.0,0.0,1.0,0.0,2.8920680271909958,4.584615078929872,75.78977355991084,0.2655502392344497,1.0,0.4437658884835846
I LQ c 학습,followup3-area-avg-lq-c-free,followup3-area-avg-lq-c-free,area-lq-c-free,0.1,,,,,0.153378501731735,0.2454946373221841,0.7576190476190476,0.8143730886850153,0.7485714285714286,0.7485474006116207,0.8409523809523809,0.791743119266055,0.8399598393574298,0.7540349505828545,-0.0833333333333332,0.0226299694189603,-0.0627587272165586,0.0384357233512182,0.7772011121408712,0.7924706739340728,0.7968643805993205,0.715445570663787,1.0,0.875,125,229,278,1.0,0.0,1.0,0.0,2.8381986191949404,4.39928690687085,70.4343939045794,0.2751196172248804,1.0,0.4452277275586155
I LQ c 학습,followup3-area-avg-lq-c-free,followup3-area-avg-lq-c-free,area-lq-c-free,1.0,,,,,0.1475547623165847,0.2341360639701441,0.7742857142857144,0.8198776758409786,0.7485714285714286,0.7485474006116207,0.8409523809523809,0.7918960244648319,0.8399598393574298,0.7540349505828545,-0.0666666666666665,0.0279816513761467,-0.0354237462671196,0.034997110290874,0.8045360930903102,0.7890320608737286,0.7968643805993205,0.715445570663787,1.0,0.875,125,229,278,1.0,0.0,1.0,0.0,2.277220014601677,3.5415981280945443,45.35229411617174,0.2978468899521531,1.0,0.446458053136172
I LQ c 학습,followup3-area-avg-lq-c-free,followup3-area-avg-lq-c-free,area-lq-c-free,10.0,,,,,0.0993319630371059,0.215476651432244,0.8428571428571427,0.8145259938837921,0.7485714285714286,0.7485474006116207,0.8409523809523809,0.7908256880733945,0.8399598393574298,0.7547224351413069,0.0019047619047618,0.0237003058103976,0.0150602409638553,0.018456772986986,0.8550200803212852,0.7731792081282929,0.7968643805993205,0.715445570663787,1.0,0.875,125,229,278,1.0,0.0,1.0,0.0,0.5828950170485241,0.6469044735629362,2.220624162019323,0.5251196172248804,1.0,0.4337486710059368
I LQ c 학습,followup3-area-avg-lq-c-free,followup3-area-avg-lq-c-free,[베이스라인] 전부 0.5,,,,,,0.25,0.25,,,,,,,,,,,,,,,,,,,125,229,278,,,,,,,,,,
I LQ c 학습,followup3-area-avg-lq-c-free,followup3-area-avg-lq-c-free,[베이스라인] 전부 기저확률,,,,,,0.1344,0.2494231612669476,,,,,,,,,,,,,,,,,,,125,229,278,,,,,,,,,,
J b만 학습,followup3-area-avg-b-only,followup3-area-avg-b-only,area-b-only,0.0,,,,,0.3251163786714843,0.2688805616323415,0.6628571428571429,0.7846330275229358,0.7485714285714286,0.7485474006116207,0.8409523809523809,0.818348623853211,0.8399598393574298,0.7698132442003763,-0.1780952380952379,-0.0337155963302752,-0.2558722067758212,-0.0696755955003153,0.5840876325816086,0.700137648700061,0.7968643805993205,0.715445570663787,0.375,0.875,125,229,278,1.0,5.168204829032742,1.0,2.369394093079805,5.239060756911553,2.868348390773945,98.54562742212894,0.1495215311004784,1.0,1.0
J b만 학습,followup3-area-avg-b-only,followup3-area-avg-b-only,area-b-only,0.1,,,,,0.3245341899301043,0.2685749622142707,0.670952380952381,0.7926605504587158,0.7485714285714286,0.7485474006116207,0.8409523809523809,0.818348623853211,0.8399598393574298,0.7698132442003763,-0.1699999999999999,-0.0256880733944953,-0.2388682936875709,-0.0623105856602621,0.6010915456698589,0.7075026585401142,0.7968643805993205,0.715445570663787,0.375,0.875,125,229,278,1.0,5.173922653187816,1.0,2.310064634027384,4.996092784969299,2.65676034839679,88.82550334531649,0.1543062200956937,1.0,1.0
J b만 학습,followup3-area-avg-b-only,followup3-area-avg-b-only,area-b-only,1.0,,,,,0.2904522762536922,0.3075059431527942,0.7266666666666667,0.8344801223241591,0.7485714285714286,0.7485474006116207,0.8409523809523809,0.818348623853211,0.8399598393574298,0.7698132442003763,-0.1142857142857142,0.016131498470948,-0.1785681186283596,0.0070160939681959,0.6613917207290702,0.7768293381685722,0.7968643805993205,0.715445570663787,0.3125,0.875,125,229,278,1.0,5.359706064465172,1.0,1.722642499801303,3.2011842659137884,2.0384538124143,44.04720380435807,0.1997607655502392,1.0,1.0
J b만 학습,followup3-area-avg-b-only,followup3-area-avg-b-only,area-b-only,10.0,,,,,0.2218293968185284,0.2217175699235435,0.8261904761904761,0.8349388379204893,0.7485714285714286,0.7485474006116207,0.8409523809523809,0.818348623853211,0.8399598393574298,0.7698132442003763,-0.0147619047619047,0.0165902140672782,-0.0164890330552982,0.0401720655176875,0.8234708063021315,0.8099853097180639,0.7968643805993205,0.715445570663787,0.8125,0.875,125,229,278,1.0,5.532767742701953,1.0,2.689181086233802,0.78503597236564,0.5625808520872971,3.747148307219093,0.5059808612440191,1.0,1.0
J b만 학습,followup3-area-avg-b-only,followup3-area-avg-b-only,[베이스라인] 전부 0.5,,,,,,0.25,0.25,,,,,,,,,,,,,,,,,,,125,229,278,,,,,,,,,,
J b만 학습,followup3-area-avg-b-only,followup3-area-avg-b-only,[베이스라인] 전부 기저확률,,,,,,0.1344,0.2494231612669476,,,,,,,,,,,,,,,,,,,125,229,278,,,,,,,,,,
